{"cameraMode":{"drawMode":0,"name":"Shaded","section":"Shading Mode"},"sceneLighting":false,"audioPlay":false,"sceneViewState":{"m_AlwaysRefresh":false,"showFog":true,"showSkybox":true,"showFlares":true,"showImageEffects":true,"showParticleSystems":true,"showVisualEffectGraphs":true,"m_FxEnabled":true},"in2DMode":false,"pivot":{"x":571.900390625,"y":381.43072509765627,"z":406.3468933105469},"rotation":{"x":0.0056896209716796879,"y":0.002160013420507312,"z":0.000058254896430298686,"w":-1.000179648399353},"size":566.9483032226563,"orthographic":false}